Author,Text,Connective,Section,Total,AccWorkspace
Josephus,Josephus Greek,τε,Antiq.,3074,Buth Jos
Josephus,Josephus Greek,τε,War,1343,Buth Jos
Josephus,Josephus Greek,τε,Life,94,Buth Jos
Josephus,Josephus Greek,τε,Apion,94,Buth Jos
Josephus,Josephus Greek,μέν,Antiq.,3160,Buth Jos
Josephus,Josephus Greek,μέν,War,1952,Buth Jos
Josephus,Josephus Greek,μέν,Life,136,Buth Jos
Josephus,Josephus Greek,μέν,Apion,247,Buth Jos
Josephus,Josephus Greek,οὖν,Antiq.,683,Buth Jos
Josephus,Josephus Greek,οὖν,War,263,Buth Jos
Josephus,Josephus Greek,οὖν,Life,70,Buth Jos
Josephus,Josephus Greek,οὖν,Apion,64,Buth Jos
Josephus,Josephus Greek,ὥστε,Antiq.,238,Buth Jos
Josephus,Josephus Greek,ὥστε,War,82,Buth Jos
Josephus,Josephus Greek,ὥστε,Life,4,Buth Jos
Josephus,Josephus Greek,ὥστε,Apion,10,Buth Jos
Josephus,Josephus Greek,γέ,Antiq.,235,Buth Jos
Josephus,Josephus Greek,γέ,War,237,Buth Jos
Josephus,Josephus Greek,γέ,Life,3,Buth Jos
Josephus,Josephus Greek,γέ,Apion,30,Buth Jos
Josephus,Josephus Greek,γάρ,Antiq.,2240,Buth Jos
Josephus,Josephus Greek,γάρ,War,1066,Buth Jos
Josephus,Josephus Greek,γάρ,Life,151,Buth Jos
Josephus,Josephus Greek,γάρ,Apion,221,Buth Jos
Josephus,Josephus Greek,ἀλλά,Antiq.,1061,Buth Jos
Josephus,Josephus Greek,ἀλλά,War,408,Buth Jos
Josephus,Josephus Greek,ἀλλά,Life,40,Buth Jos
Josephus,Josephus Greek,ἀλλά,Apion,140,Buth Jos
Josephus,Josephus Greek,μᾶλλον,Antiq.,243,Buth Jos
Josephus,Josephus Greek,μᾶλλον,War,72,Buth Jos
Josephus,Josephus Greek,μᾶλλον,Life,8,Buth Jos
Josephus,Josephus Greek,μᾶλλον,Apion,11,Buth Jos
Josephus,Josephus Greek,πλὴν,Antiq.,33,Buth Jos
Josephus,Josephus Greek,πλὴν,War,34,Buth Jos
Josephus,Josephus Greek,πλὴν,Life,3,Buth Jos
Josephus,Josephus Greek,πλὴν,Apion,5,Buth Jos
Josephus,Josephus Greek,καί,Antiq.,18128,Buth Jos
Josephus,Josephus Greek,καί,War,6593,Buth Jos
Josephus,Josephus Greek,καί,Life,689,Buth Jos
Josephus,Josephus Greek,καί,Apion,1090,Buth Jos
Josephus,Josephus Greek,δέ,Antiq.,9888,Buth Jos
Josephus,Josephus Greek,δέ,War,4788,Buth Jos
Josephus,Josephus Greek,δέ,Life,547,Buth Jos
Josephus,Josephus Greek,δέ,Apion,591,Buth Jos
Various,LXX Rahlfs Tagged,τε,Genesis,16,Buth LXX
Various,LXX Rahlfs Tagged,τε,Exodus,21,Buth LXX
Various,LXX Rahlfs Tagged,τε,Leviticus,10,Buth LXX
Various,LXX Rahlfs Tagged,τε,Numbers,3,Buth LXX
Various,LXX Rahlfs Tagged,τε,Deuteronomy,6,Buth LXX
Various,LXX Rahlfs Tagged,τε,Joshua,1,Buth LXX
Various,LXX Rahlfs Tagged,τε,Judges,0,Buth LXX
Various,LXX Rahlfs Tagged,τε,Ruth,0,Buth LXX
Various,LXX Rahlfs Tagged,τε,1Samuel,0,Buth LXX
Various,LXX Rahlfs Tagged,τε,2Samuel,0,Buth LXX
Various,LXX Rahlfs Tagged,τε,1Kings,0,Buth LXX
Various,LXX Rahlfs Tagged,τε,2Kings,1,Buth LXX
Various,LXX Rahlfs Tagged,τε,1Chronicles,1,Buth LXX
Various,LXX Rahlfs Tagged,τε,2Chronicles,0,Buth LXX
Various,LXX Rahlfs Tagged,τε,1Esdras,18,Buth LXX
Various,LXX Rahlfs Tagged,τε,Ezra,4,Buth LXX
Various,LXX Rahlfs Tagged,τε,Nehemiah,0,Buth LXX
Various,LXX Rahlfs Tagged,τε,Esther,16,Buth LXX
Various,LXX Rahlfs Tagged,τε,Judith,0,Buth LXX
Various,LXX Rahlfs Tagged,τε,Tobit,1,Buth LXX
Various,LXX Rahlfs Tagged,τε,1Maccabees,4,Buth LXX
Various,LXX Rahlfs Tagged,τε,2Maccabees,25,Buth LXX
Various,LXX Rahlfs Tagged,τε,3Maccabees,32,Buth LXX
Various,LXX Rahlfs Tagged,τε,4Maccabees,27,Buth LXX
Various,LXX Rahlfs Tagged,τε,Psalms,2,Buth LXX
Various,LXX Rahlfs Tagged,τε,Odes,1,Buth LXX
Various,LXX Rahlfs Tagged,τε,Proverbs,13,Buth LXX
Various,LXX Rahlfs Tagged,τε,Ecclesiastes,0,Buth LXX
Various,LXX Rahlfs Tagged,τε,Song,0,Buth LXX
Various,LXX Rahlfs Tagged,τε,Job,19,Buth LXX
Various,LXX Rahlfs Tagged,τε,Wisdom,25,Buth LXX
Various,LXX Rahlfs Tagged,τε,Sirach,4,Buth LXX
Various,LXX Rahlfs Tagged,τε,Solomon,0,Buth LXX
Various,LXX Rahlfs Tagged,τε,Hosea,0,Buth LXX
Various,LXX Rahlfs Tagged,τε,Amos,0,Buth LXX
Various,LXX Rahlfs Tagged,τε,Micah,0,Buth LXX
Various,LXX Rahlfs Tagged,τε,Joel,0,Buth LXX
Various,LXX Rahlfs Tagged,τε,Obadiah,0,Buth LXX
Various,LXX Rahlfs Tagged,τε,Jonah,0,Buth LXX
Various,LXX Rahlfs Tagged,τε,Nahum,0,Buth LXX
Various,LXX Rahlfs Tagged,τε,Habakkuk,0,Buth LXX
Various,LXX Rahlfs Tagged,τε,Zephaniah,0,Buth LXX
Various,LXX Rahlfs Tagged,τε,Haggai,0,Buth LXX
Various,LXX Rahlfs Tagged,τε,Zechariah,0,Buth LXX
Various,LXX Rahlfs Tagged,τε,Malachi,0,Buth LXX
Various,LXX Rahlfs Tagged,τε,Isaiah,1,Buth LXX
Various,LXX Rahlfs Tagged,τε,Jeremiah,0,Buth LXX
Various,LXX Rahlfs Tagged,τε,Baruch,0,Buth LXX
Various,LXX Rahlfs Tagged,τε,Lamentations,0,Buth LXX
Various,LXX Rahlfs Tagged,τε,Letterjeremiah,14,Buth LXX
Various,LXX Rahlfs Tagged,τε,Ezekiel,1,Buth LXX
Various,LXX Rahlfs Tagged,τε,Daniel,0,Buth LXX
Various,LXX Rahlfs Tagged,τε,Susanna,0,Buth LXX
Various,LXX Rahlfs Tagged,τε,Bel,0,Buth LXX
Various,LXX Rahlfs Tagged,μέν,Genesis,7,Buth LXX
Various,LXX Rahlfs Tagged,μέν,Exodus,5,Buth LXX
Various,LXX Rahlfs Tagged,μέν,Leviticus,4,Buth LXX
Various,LXX Rahlfs Tagged,μέν,Numbers,2,Buth LXX
Various,LXX Rahlfs Tagged,μέν,Deuteronomy,1,Buth LXX
Various,LXX Rahlfs Tagged,μέν,Joshua,0,Buth LXX
Various,LXX Rahlfs Tagged,μέν,Judges,0,Buth LXX
Various,LXX Rahlfs Tagged,μέν,Ruth,0,Buth LXX
Various,LXX Rahlfs Tagged,μέν,1Samuel,1,Buth LXX
Various,LXX Rahlfs Tagged,μέν,2Samuel,2,Buth LXX
Various,LXX Rahlfs Tagged,μέν,1Kings,0,Buth LXX
Various,LXX Rahlfs Tagged,μέν,2Kings,0,Buth LXX
Various,LXX Rahlfs Tagged,μέν,1Chronicles,0,Buth LXX
Various,LXX Rahlfs Tagged,μέν,2Chronicles,0,Buth LXX
Various,LXX Rahlfs Tagged,μέν,1Esdras,0,Buth LXX
Various,LXX Rahlfs Tagged,μέν,Ezra,0,Buth LXX
Various,LXX Rahlfs Tagged,μέν,Nehemiah,0,Buth LXX
Various,LXX Rahlfs Tagged,μέν,Esther,3,Buth LXX
Various,LXX Rahlfs Tagged,μέν,Judith,1,Buth LXX
Various,LXX Rahlfs Tagged,μέν,Tobit,2,Buth LXX
Various,LXX Rahlfs Tagged,μέν,1Maccabees,0,Buth LXX
Various,LXX Rahlfs Tagged,μέν,2Maccabees,62,Buth LXX
Various,LXX Rahlfs Tagged,μέν,3Maccabees,20,Buth LXX
Various,LXX Rahlfs Tagged,μέν,4Maccabees,36,Buth LXX
Various,LXX Rahlfs Tagged,μέν,Psalms,1,Buth LXX
Various,LXX Rahlfs Tagged,μέν,Odes,0,Buth LXX
Various,LXX Rahlfs Tagged,μέν,Proverbs,4,Buth LXX
Various,LXX Rahlfs Tagged,μέν,Ecclesiastes,0,Buth LXX
Various,LXX Rahlfs Tagged,μέν,Song,0,Buth LXX
Various,LXX Rahlfs Tagged,μέν,Job,13,Buth LXX
Various,LXX Rahlfs Tagged,μέν,Wisdom,32,Buth LXX
Various,LXX Rahlfs Tagged,μέν,Sirach,4,Buth LXX
Various,LXX Rahlfs Tagged,μέν,Solomon,0,Buth LXX
Various,LXX Rahlfs Tagged,μέν,Hosea,0,Buth LXX
Various,LXX Rahlfs Tagged,μέν,Amos,0,Buth LXX
Various,LXX Rahlfs Tagged,μέν,Micah,0,Buth LXX
Various,LXX Rahlfs Tagged,μέν,Joel,0,Buth LXX
Various,LXX Rahlfs Tagged,μέν,Obadiah,0,Buth LXX
Various,LXX Rahlfs Tagged,μέν,Jonah,0,Buth LXX
Various,LXX Rahlfs Tagged,μέν,Nahum,0,Buth LXX
Various,LXX Rahlfs Tagged,μέν,Habakkuk,0,Buth LXX
Various,LXX Rahlfs Tagged,μέν,Zephaniah,0,Buth LXX
Various,LXX Rahlfs Tagged,μέν,Haggai,1,Buth LXX
Various,LXX Rahlfs Tagged,μέν,Zechariah,1,Buth LXX
Various,LXX Rahlfs Tagged,μέν,Malachi,0,Buth LXX
Various,LXX Rahlfs Tagged,μέν,Isaiah,2,Buth LXX
Various,LXX Rahlfs Tagged,μέν,Jeremiah,0,Buth LXX
Various,LXX Rahlfs Tagged,μέν,Baruch,0,Buth LXX
Various,LXX Rahlfs Tagged,μέν,Lamentations,0,Buth LXX
Various,LXX Rahlfs Tagged,μέν,Letterjeremiah,3,Buth LXX
Various,LXX Rahlfs Tagged,μέν,Ezekiel,0,Buth LXX
Various,LXX Rahlfs Tagged,μέν,Daniel,9,Buth LXX
Various,LXX Rahlfs Tagged,μέν,Susanna,1,Buth LXX
Various,LXX Rahlfs Tagged,μέν,Bel,1,Buth LXX
Various,LXX Rahlfs Tagged,οὖν,Genesis,42,Buth LXX
Various,LXX Rahlfs Tagged,οὖν,Exodus,29,Buth LXX
Various,LXX Rahlfs Tagged,οὖν,Leviticus,0,Buth LXX
Various,LXX Rahlfs Tagged,οὖν,Numbers,5,Buth LXX
Various,LXX Rahlfs Tagged,οὖν,Deuteronomy,4,Buth LXX
Various,LXX Rahlfs Tagged,οὖν,Joshua,6,Buth LXX
Various,LXX Rahlfs Tagged,οὖν,Judges,2,Buth LXX
Various,LXX Rahlfs Tagged,οὖν,Ruth,0,Buth LXX
Various,LXX Rahlfs Tagged,οὖν,1Samuel,2,Buth LXX
Various,LXX Rahlfs Tagged,οὖν,2Samuel,1,Buth LXX
Various,LXX Rahlfs Tagged,οὖν,1Kings,0,Buth LXX
Various,LXX Rahlfs Tagged,οὖν,2Kings,1,Buth LXX
Various,LXX Rahlfs Tagged,οὖν,1Chronicles,0,Buth LXX
Various,LXX Rahlfs Tagged,οὖν,2Chronicles,1,Buth LXX
Various,LXX Rahlfs Tagged,οὖν,1Esdras,12,Buth LXX
Various,LXX Rahlfs Tagged,οὖν,Ezra,2,Buth LXX
Various,LXX Rahlfs Tagged,οὖν,Nehemiah,0,Buth LXX
Various,LXX Rahlfs Tagged,οὖν,Esther,11,Buth LXX
Various,LXX Rahlfs Tagged,οὖν,Judith,0,Buth LXX
Various,LXX Rahlfs Tagged,οὖν,Tobit,1,Buth LXX
Various,LXX Rahlfs Tagged,οὖν,1Maccabees,21,Buth LXX
Various,LXX Rahlfs Tagged,οὖν,2Maccabees,26,Buth LXX
Various,LXX Rahlfs Tagged,οὖν,3Maccabees,8,Buth LXX
Various,LXX Rahlfs Tagged,οὖν,4Maccabees,17,Buth LXX
Various,LXX Rahlfs Tagged,οὖν,Psalms,1,Buth LXX
Various,LXX Rahlfs Tagged,οὖν,Odes,1,Buth LXX
Various,LXX Rahlfs Tagged,οὖν,Proverbs,4,Buth LXX
Various,LXX Rahlfs Tagged,οὖν,Ecclesiastes,0,Buth LXX
Various,LXX Rahlfs Tagged,οὖν,Song,0,Buth LXX
Various,LXX Rahlfs Tagged,οὖν,Job,12,Buth LXX
Various,LXX Rahlfs Tagged,οὖν,Wisdom,8,Buth LXX
Various,LXX Rahlfs Tagged,οὖν,Sirach,1,Buth LXX
Various,LXX Rahlfs Tagged,οὖν,Solomon,0,Buth LXX
Various,LXX Rahlfs Tagged,οὖν,Hosea,0,Buth LXX
Various,LXX Rahlfs Tagged,οὖν,Amos,0,Buth LXX
Various,LXX Rahlfs Tagged,οὖν,Micah,0,Buth LXX
Various,LXX Rahlfs Tagged,οὖν,Joel,0,Buth LXX
Various,LXX Rahlfs Tagged,οὖν,Obadiah,0,Buth LXX
Various,LXX Rahlfs Tagged,οὖν,Jonah,0,Buth LXX
Various,LXX Rahlfs Tagged,οὖν,Nahum,0,Buth LXX
Various,LXX Rahlfs Tagged,οὖν,Habakkuk,0,Buth LXX
Various,LXX Rahlfs Tagged,οὖν,Zephaniah,0,Buth LXX
Various,LXX Rahlfs Tagged,οὖν,Haggai,0,Buth LXX
Various,LXX Rahlfs Tagged,οὖν,Zechariah,0,Buth LXX
Various,LXX Rahlfs Tagged,οὖν,Malachi,0,Buth LXX
Various,LXX Rahlfs Tagged,οὖν,Isaiah,3,Buth LXX
Various,LXX Rahlfs Tagged,οὖν,Jeremiah,0,Buth LXX
Various,LXX Rahlfs Tagged,οὖν,Baruch,0,Buth LXX
Various,LXX Rahlfs Tagged,οὖν,Lamentations,0,Buth LXX
Various,LXX Rahlfs Tagged,οὖν,Letterjeremiah,13,Buth LXX
Various,LXX Rahlfs Tagged,οὖν,Ezekiel,0,Buth LXX
Various,LXX Rahlfs Tagged,οὖν,Daniel,9,Buth LXX
Various,LXX Rahlfs Tagged,οὖν,Susanna,2,Buth LXX
Various,LXX Rahlfs Tagged,οὖν,Bel,2,Buth LXX
Various,LXX Rahlfs Tagged,ὥστε,Genesis,8,Buth LXX
Various,LXX Rahlfs Tagged,ὥστε,Exodus,25,Buth LXX
Various,LXX Rahlfs Tagged,ὥστε,Leviticus,18,Buth LXX
Various,LXX Rahlfs Tagged,ὥστε,Numbers,3,Buth LXX
Various,LXX Rahlfs Tagged,ὥστε,Deuteronomy,8,Buth LXX
Various,LXX Rahlfs Tagged,ὥστε,Joshua,8,Buth LXX
Various,LXX Rahlfs Tagged,ὥστε,Judges,5,Buth LXX
Various,LXX Rahlfs Tagged,ὥστε,Ruth,1,Buth LXX
Various,LXX Rahlfs Tagged,ὥστε,1Samuel,3,Buth LXX
Various,LXX Rahlfs Tagged,ὥστε,2Samuel,3,Buth LXX
Various,LXX Rahlfs Tagged,ὥστε,1Kings,0,Buth LXX
Various,LXX Rahlfs Tagged,ὥστε,2Kings,3,Buth LXX
Various,LXX Rahlfs Tagged,ὥστε,1Chronicles,0,Buth LXX
Various,LXX Rahlfs Tagged,ὥστε,2Chronicles,2,Buth LXX
Various,LXX Rahlfs Tagged,ὥστε,1Esdras,4,Buth LXX
Various,LXX Rahlfs Tagged,ὥστε,Ezra,1,Buth LXX
Various,LXX Rahlfs Tagged,ὥστε,Nehemiah,5,Buth LXX
Various,LXX Rahlfs Tagged,ὥστε,Esther,6,Buth LXX
Various,LXX Rahlfs Tagged,ὥστε,Judith,0,Buth LXX
Various,LXX Rahlfs Tagged,ὥστε,Tobit,1,Buth LXX
Various,LXX Rahlfs Tagged,ὥστε,1Maccabees,7,Buth LXX
Various,LXX Rahlfs Tagged,ὥστε,2Maccabees,14,Buth LXX
Various,LXX Rahlfs Tagged,ὥστε,3Maccabees,6,Buth LXX
Various,LXX Rahlfs Tagged,ὥστε,4Maccabees,19,Buth LXX
Various,LXX Rahlfs Tagged,ὥστε,Psalms,2,Buth LXX
Various,LXX Rahlfs Tagged,ὥστε,Odes,0,Buth LXX
Various,LXX Rahlfs Tagged,ὥστε,Proverbs,2,Buth LXX
Various,LXX Rahlfs Tagged,ὥστε,Ecclesiastes,0,Buth LXX
Various,LXX Rahlfs Tagged,ὥστε,Song,0,Buth LXX
Various,LXX Rahlfs Tagged,ὥστε,Job,5,Buth LXX
Various,LXX Rahlfs Tagged,ὥστε,Wisdom,1,Buth LXX
Various,LXX Rahlfs Tagged,ὥστε,Sirach,0,Buth LXX
Various,LXX Rahlfs Tagged,ὥστε,Solomon,0,Buth LXX
Various,LXX Rahlfs Tagged,ὥστε,Hosea,0,Buth LXX
Various,LXX Rahlfs Tagged,ὥστε,Amos,0,Buth LXX
Various,LXX Rahlfs Tagged,ὥστε,Micah,0,Buth LXX
Various,LXX Rahlfs Tagged,ὥστε,Joel,0,Buth LXX
Various,LXX Rahlfs Tagged,ὥστε,Obadiah,0,Buth LXX
Various,LXX Rahlfs Tagged,ὥστε,Jonah,0,Buth LXX
Various,LXX Rahlfs Tagged,ὥστε,Nahum,0,Buth LXX
Various,LXX Rahlfs Tagged,ὥστε,Habakkuk,0,Buth LXX
Various,LXX Rahlfs Tagged,ὥστε,Zephaniah,0,Buth LXX
Various,LXX Rahlfs Tagged,ὥστε,Haggai,0,Buth LXX
Various,LXX Rahlfs Tagged,ὥστε,Zechariah,0,Buth LXX
Various,LXX Rahlfs Tagged,ὥστε,Malachi,0,Buth LXX
Various,LXX Rahlfs Tagged,ὥστε,Isaiah,10,Buth LXX
Various,LXX Rahlfs Tagged,ὥστε,Jeremiah,2,Buth LXX
Various,LXX Rahlfs Tagged,ὥστε,Baruch,0,Buth LXX
Various,LXX Rahlfs Tagged,ὥστε,Lamentations,0,Buth LXX
Various,LXX Rahlfs Tagged,ὥστε,Letterjeremiah,2,Buth LXX
Various,LXX Rahlfs Tagged,ὥστε,Ezekiel,1,Buth LXX
Various,LXX Rahlfs Tagged,ὥστε,Daniel,3,Buth LXX
Various,LXX Rahlfs Tagged,ὥστε,Susanna,0,Buth LXX
Various,LXX Rahlfs Tagged,ὥστε,Bel,0,Buth LXX
Various,LXX Rahlfs Tagged,γέ,Genesis,3,Buth LXX
Various,LXX Rahlfs Tagged,γέ,Exodus,1,Buth LXX
Various,LXX Rahlfs Tagged,γέ,Leviticus,0,Buth LXX
Various,LXX Rahlfs Tagged,γέ,Numbers,0,Buth LXX
Various,LXX Rahlfs Tagged,γέ,Deuteronomy,0,Buth LXX
Various,LXX Rahlfs Tagged,γέ,Joshua,1,Buth LXX
Various,LXX Rahlfs Tagged,γέ,Judges,8,Buth LXX
Various,LXX Rahlfs Tagged,γέ,Ruth,6,Buth LXX
Various,LXX Rahlfs Tagged,γέ,1Samuel,0,Buth LXX
Various,LXX Rahlfs Tagged,γέ,2Samuel,28,Buth LXX
Various,LXX Rahlfs Tagged,γέ,1Kings,4,Buth LXX
Various,LXX Rahlfs Tagged,γέ,2Kings,17,Buth LXX
Various,LXX Rahlfs Tagged,γέ,1Chronicles,1,Buth LXX
Various,LXX Rahlfs Tagged,γέ,2Chronicles,3,Buth LXX
Various,LXX Rahlfs Tagged,γέ,1Esdras,0,Buth LXX
Various,LXX Rahlfs Tagged,γέ,Ezra,1,Buth LXX
Various,LXX Rahlfs Tagged,γέ,Nehemiah,0,Buth LXX
Various,LXX Rahlfs Tagged,γέ,Esther,0,Buth LXX
Various,LXX Rahlfs Tagged,γέ,Judith,0,Buth LXX
Various,LXX Rahlfs Tagged,γέ,Tobit,0,Buth LXX
Various,LXX Rahlfs Tagged,γέ,1Maccabees,0,Buth LXX
Various,LXX Rahlfs Tagged,γέ,2Maccabees,0,Buth LXX
Various,LXX Rahlfs Tagged,γέ,3Maccabees,0,Buth LXX
Various,LXX Rahlfs Tagged,γέ,4Maccabees,13,Buth LXX
Various,LXX Rahlfs Tagged,γέ,Psalms,0,Buth LXX
Various,LXX Rahlfs Tagged,γέ,Odes,0,Buth LXX
Various,LXX Rahlfs Tagged,γέ,Proverbs,0,Buth LXX
Various,LXX Rahlfs Tagged,γέ,Ecclesiastes,59,Buth LXX
Various,LXX Rahlfs Tagged,γέ,Song,2,Buth LXX
Various,LXX Rahlfs Tagged,γέ,Job,6,Buth LXX
Various,LXX Rahlfs Tagged,γέ,Wisdom,0,Buth LXX
Various,LXX Rahlfs Tagged,γέ,Sirach,1,Buth LXX
Various,LXX Rahlfs Tagged,γέ,Solomon,0,Buth LXX
Various,LXX Rahlfs Tagged,γέ,Hosea,0,Buth LXX
Various,LXX Rahlfs Tagged,γέ,Amos,0,Buth LXX
Various,LXX Rahlfs Tagged,γέ,Micah,0,Buth LXX
Various,LXX Rahlfs Tagged,γέ,Joel,0,Buth LXX
Various,LXX Rahlfs Tagged,γέ,Obadiah,0,Buth LXX
Various,LXX Rahlfs Tagged,γέ,Jonah,0,Buth LXX
Various,LXX Rahlfs Tagged,γέ,Nahum,0,Buth LXX
Various,LXX Rahlfs Tagged,γέ,Habakkuk,0,Buth LXX
Various,LXX Rahlfs Tagged,γέ,Zephaniah,0,Buth LXX
Various,LXX Rahlfs Tagged,γέ,Haggai,0,Buth LXX
Various,LXX Rahlfs Tagged,γέ,Zechariah,1,Buth LXX
Various,LXX Rahlfs Tagged,γέ,Malachi,0,Buth LXX
Various,LXX Rahlfs Tagged,γέ,Isaiah,0,Buth LXX
Various,LXX Rahlfs Tagged,γέ,Jeremiah,1,Buth LXX
Various,LXX Rahlfs Tagged,γέ,Baruch,0,Buth LXX
Various,LXX Rahlfs Tagged,γέ,Lamentations,6,Buth LXX
Various,LXX Rahlfs Tagged,γέ,Letterjeremiah,0,Buth LXX
Various,LXX Rahlfs Tagged,γέ,Ezekiel,0,Buth LXX
Various,LXX Rahlfs Tagged,γέ,Daniel,1,Buth LXX
Various,LXX Rahlfs Tagged,γέ,Susanna,0,Buth LXX
Various,LXX Rahlfs Tagged,γέ,Bel,1,Buth LXX
Various,LXX Rahlfs Tagged,γάρ,Genesis,105,Buth LXX
Various,LXX Rahlfs Tagged,γάρ,Exodus,93,Buth LXX
Various,LXX Rahlfs Tagged,γάρ,Leviticus,36,Buth LXX
Various,LXX Rahlfs Tagged,γάρ,Numbers,22,Buth LXX
Various,LXX Rahlfs Tagged,γάρ,Deuteronomy,39,Buth LXX
Various,LXX Rahlfs Tagged,γάρ,Joshua,23,Buth LXX
Various,LXX Rahlfs Tagged,γάρ,Judges,2,Buth LXX
Various,LXX Rahlfs Tagged,γάρ,Ruth,2,Buth LXX
Various,LXX Rahlfs Tagged,γάρ,1Samuel,2,Buth LXX
Various,LXX Rahlfs Tagged,γάρ,2Samuel,4,Buth LXX
Various,LXX Rahlfs Tagged,γάρ,1Kings,0,Buth LXX
Various,LXX Rahlfs Tagged,γάρ,2Kings,0,Buth LXX
Various,LXX Rahlfs Tagged,γάρ,1Chronicles,1,Buth LXX
Various,LXX Rahlfs Tagged,γάρ,2Chronicles,9,Buth LXX
Various,LXX Rahlfs Tagged,γάρ,1Esdras,24,Buth LXX
Various,LXX Rahlfs Tagged,γάρ,Ezra,0,Buth LXX
Various,LXX Rahlfs Tagged,γάρ,Nehemiah,0,Buth LXX
Various,LXX Rahlfs Tagged,γάρ,Esther,25,Buth LXX
Various,LXX Rahlfs Tagged,γάρ,Judith,36,Buth LXX
Various,LXX Rahlfs Tagged,γάρ,Tobit,12,Buth LXX
Various,LXX Rahlfs Tagged,γάρ,1Maccabees,31,Buth LXX
Various,LXX Rahlfs Tagged,γάρ,2Maccabees,52,Buth LXX
Various,LXX Rahlfs Tagged,γάρ,3Maccabees,10,Buth LXX
Various,LXX Rahlfs Tagged,γάρ,4Maccabees,82,Buth LXX
Various,LXX Rahlfs Tagged,γάρ,Psalms,50,Buth LXX
Various,LXX Rahlfs Tagged,γάρ,Odes,17,Buth LXX
Various,LXX Rahlfs Tagged,γάρ,Proverbs,102,Buth LXX
Various,LXX Rahlfs Tagged,γάρ,Ecclesiastes,1,Buth LXX
Various,LXX Rahlfs Tagged,γάρ,Song,0,Buth LXX
Various,LXX Rahlfs Tagged,γάρ,Job,171,Buth LXX
Various,LXX Rahlfs Tagged,γάρ,Wisdom,157,Buth LXX
Various,LXX Rahlfs Tagged,γάρ,Sirach,141,Buth LXX
Various,LXX Rahlfs Tagged,γάρ,Solomon,18,Buth LXX
Various,LXX Rahlfs Tagged,γάρ,Hosea,2,Buth LXX
Various,LXX Rahlfs Tagged,γάρ,Amos,0,Buth LXX
Various,LXX Rahlfs Tagged,γάρ,Micah,1,Buth LXX
Various,LXX Rahlfs Tagged,γάρ,Joel,0,Buth LXX
Various,LXX Rahlfs Tagged,γάρ,Obadiah,0,Buth LXX
Various,LXX Rahlfs Tagged,γάρ,Jonah,0,Buth LXX
Various,LXX Rahlfs Tagged,γάρ,Nahum,0,Buth LXX
Various,LXX Rahlfs Tagged,γάρ,Habakkuk,0,Buth LXX
Various,LXX Rahlfs Tagged,γάρ,Zephaniah,0,Buth LXX
Various,LXX Rahlfs Tagged,γάρ,Haggai,0,Buth LXX
Various,LXX Rahlfs Tagged,γάρ,Zechariah,1,Buth LXX
Various,LXX Rahlfs Tagged,γάρ,Malachi,0,Buth LXX
Various,LXX Rahlfs Tagged,γάρ,Isaiah,184,Buth LXX
Various,LXX Rahlfs Tagged,γάρ,Jeremiah,2,Buth LXX
Various,LXX Rahlfs Tagged,γάρ,Baruch,20,Buth LXX
Various,LXX Rahlfs Tagged,γάρ,Lamentations,2,Buth LXX
Various,LXX Rahlfs Tagged,γάρ,Letterjeremiah,17,Buth LXX
Various,LXX Rahlfs Tagged,γάρ,Ezekiel,3,Buth LXX
Various,LXX Rahlfs Tagged,γάρ,Daniel,19,Buth LXX
Various,LXX Rahlfs Tagged,γάρ,Susanna,2,Buth LXX
Various,LXX Rahlfs Tagged,γάρ,Bel,2,Buth LXX
Various,LXX Rahlfs Tagged,ἀλλά,Genesis,27,Buth LXX
Various,LXX Rahlfs Tagged,ἀλλά,Exodus,11,Buth LXX
Various,LXX Rahlfs Tagged,ἀλλά,Leviticus,7,Buth LXX
Various,LXX Rahlfs Tagged,ἀλλά,Numbers,18,Buth LXX
Various,LXX Rahlfs Tagged,ἀλλά,Deuteronomy,23,Buth LXX
Various,LXX Rahlfs Tagged,ἀλλά,Joshua,17,Buth LXX
Various,LXX Rahlfs Tagged,ἀλλά,Judges,8,Buth LXX
Various,LXX Rahlfs Tagged,ἀλλά,Ruth,0,Buth LXX
Various,LXX Rahlfs Tagged,ἀλλά,1Samuel,23,Buth LXX
Various,LXX Rahlfs Tagged,ἀλλά,2Samuel,7,Buth LXX
Various,LXX Rahlfs Tagged,ἀλλά,1Kings,11,Buth LXX
Various,LXX Rahlfs Tagged,ἀλλά,2Kings,12,Buth LXX
Various,LXX Rahlfs Tagged,ἀλλά,1Chronicles,5,Buth LXX
Various,LXX Rahlfs Tagged,ἀλλά,2Chronicles,23,Buth LXX
Various,LXX Rahlfs Tagged,ἀλλά,1Esdras,9,Buth LXX
Various,LXX Rahlfs Tagged,ἀλλά,Ezra,2,Buth LXX
Various,LXX Rahlfs Tagged,ἀλλά,Nehemiah,2,Buth LXX
Various,LXX Rahlfs Tagged,ἀλλά,Esther,7,Buth LXX
Various,LXX Rahlfs Tagged,ἀλλά,Judith,21,Buth LXX
Various,LXX Rahlfs Tagged,ἀλλά,Tobit,12,Buth LXX
Various,LXX Rahlfs Tagged,ἀλλά,1Maccabees,13,Buth LXX
Various,LXX Rahlfs Tagged,ἀλλά,2Maccabees,15,Buth LXX
Various,LXX Rahlfs Tagged,ἀλλά,3Maccabees,10,Buth LXX
Various,LXX Rahlfs Tagged,ἀλλά,4Maccabees,50,Buth LXX
Various,LXX Rahlfs Tagged,ἀλλά,Psalms,10,Buth LXX
Various,LXX Rahlfs Tagged,ἀλλά,Odes,6,Buth LXX
Various,LXX Rahlfs Tagged,ἀλλά,Proverbs,12,Buth LXX
Various,LXX Rahlfs Tagged,ἀλλά,Ecclesiastes,1,Buth LXX
Various,LXX Rahlfs Tagged,ἀλλά,Song,0,Buth LXX
Various,LXX Rahlfs Tagged,ἀλλά,Job,40,Buth LXX
Various,LXX Rahlfs Tagged,ἀλλά,Wisdom,22,Buth LXX
Various,LXX Rahlfs Tagged,ἀλλά,Sirach,15,Buth LXX
Various,LXX Rahlfs Tagged,ἀλλά,Solomon,3,Buth LXX
Various,LXX Rahlfs Tagged,ἀλλά,Hosea,2,Buth LXX
Various,LXX Rahlfs Tagged,ἀλλά,Amos,2,Buth LXX
Various,LXX Rahlfs Tagged,ἀλλά,Micah,1,Buth LXX
Various,LXX Rahlfs Tagged,ἀλλά,Joel,0,Buth LXX
Various,LXX Rahlfs Tagged,ἀλλά,Obadiah,0,Buth LXX
Various,LXX Rahlfs Tagged,ἀλλά,Jonah,0,Buth LXX
Various,LXX Rahlfs Tagged,ἀλλά,Nahum,0,Buth LXX
Various,LXX Rahlfs Tagged,ἀλλά,Habakkuk,0,Buth LXX
Various,LXX Rahlfs Tagged,ἀλλά,Zephaniah,0,Buth LXX
Various,LXX Rahlfs Tagged,ἀλλά,Haggai,0,Buth LXX
Various,LXX Rahlfs Tagged,ἀλλά,Zechariah,2,Buth LXX
Various,LXX Rahlfs Tagged,ἀλλά,Malachi,3,Buth LXX
Various,LXX Rahlfs Tagged,ἀλλά,Isaiah,55,Buth LXX
Various,LXX Rahlfs Tagged,ἀλλά,Jeremiah,24,Buth LXX
Various,LXX Rahlfs Tagged,ἀλλά,Baruch,3,Buth LXX
Various,LXX Rahlfs Tagged,ἀλλά,Lamentations,0,Buth LXX
Various,LXX Rahlfs Tagged,ἀλλά,Letterjeremiah,2,Buth LXX
Various,LXX Rahlfs Tagged,ἀλλά,Ezekiel,9,Buth LXX
Various,LXX Rahlfs Tagged,ἀλλά,Daniel,10,Buth LXX
Various,LXX Rahlfs Tagged,ἀλλά,Susanna,2,Buth LXX
Various,LXX Rahlfs Tagged,ἀλλά,Bel,0,Buth LXX
Various,LXX Rahlfs Tagged,μᾶλλον,Genesis,2,Buth LXX
Various,LXX Rahlfs Tagged,μᾶλλον,Exodus,0,Buth LXX
Various,LXX Rahlfs Tagged,μᾶλλον,Leviticus,0,Buth LXX
Various,LXX Rahlfs Tagged,μᾶλλον,Numbers,2,Buth LXX
Various,LXX Rahlfs Tagged,μᾶλλον,Deuteronomy,3,Buth LXX
Various,LXX Rahlfs Tagged,μᾶλλον,Joshua,0,Buth LXX
Various,LXX Rahlfs Tagged,μᾶλλον,Judges,0,Buth LXX
Various,LXX Rahlfs Tagged,μᾶλλον,Ruth,0,Buth LXX
Various,LXX Rahlfs Tagged,μᾶλλον,1Samuel,0,Buth LXX
Various,LXX Rahlfs Tagged,μᾶλλον,2Samuel,0,Buth LXX
Various,LXX Rahlfs Tagged,μᾶλλον,1Kings,0,Buth LXX
Various,LXX Rahlfs Tagged,μᾶλλον,2Kings,0,Buth LXX
Various,LXX Rahlfs Tagged,μᾶλλον,1Chronicles,0,Buth LXX
Various,LXX Rahlfs Tagged,μᾶλλον,2Chronicles,0,Buth LXX
Various,LXX Rahlfs Tagged,μᾶλλον,1Esdras,2,Buth LXX
Various,LXX Rahlfs Tagged,μᾶλλον,Ezra,0,Buth LXX
Various,LXX Rahlfs Tagged,μᾶλλον,Nehemiah,0,Buth LXX
Various,LXX Rahlfs Tagged,μᾶλλον,Esther,0,Buth LXX
Various,LXX Rahlfs Tagged,μᾶλλον,Judith,0,Buth LXX
Various,LXX Rahlfs Tagged,μᾶλλον,Tobit,1,Buth LXX
Various,LXX Rahlfs Tagged,μᾶλλον,1Maccabees,0,Buth LXX
Various,LXX Rahlfs Tagged,μᾶλλον,2Maccabees,2,Buth LXX
Various,LXX Rahlfs Tagged,μᾶλλον,3Maccabees,4,Buth LXX
Various,LXX Rahlfs Tagged,μᾶλλον,4Maccabees,5,Buth LXX
Various,LXX Rahlfs Tagged,μᾶλλον,Psalms,1,Buth LXX
Various,LXX Rahlfs Tagged,μᾶλλον,Odes,0,Buth LXX
Various,LXX Rahlfs Tagged,μᾶλλον,Proverbs,8,Buth LXX
Various,LXX Rahlfs Tagged,μᾶλλον,Ecclesiastes,0,Buth LXX
Various,LXX Rahlfs Tagged,μᾶλλον,Song,0,Buth LXX
Various,LXX Rahlfs Tagged,μᾶλλον,Job,2,Buth LXX
Various,LXX Rahlfs Tagged,μᾶλλον,Wisdom,2,Buth LXX
Various,LXX Rahlfs Tagged,μᾶλλον,Sirach,7,Buth LXX
Various,LXX Rahlfs Tagged,μᾶλλον,Solomon,0,Buth LXX
Various,LXX Rahlfs Tagged,μᾶλλον,Hosea,0,Buth LXX
Various,LXX Rahlfs Tagged,μᾶλλον,Amos,0,Buth LXX
Various,LXX Rahlfs Tagged,μᾶλλον,Micah,0,Buth LXX
Various,LXX Rahlfs Tagged,μᾶλλον,Joel,0,Buth LXX
Various,LXX Rahlfs Tagged,μᾶλλον,Obadiah,0,Buth LXX
Various,LXX Rahlfs Tagged,μᾶλλον,Jonah,2,Buth LXX
Various,LXX Rahlfs Tagged,μᾶλλον,Nahum,0,Buth LXX
Various,LXX Rahlfs Tagged,μᾶλλον,Habakkuk,0,Buth LXX
Various,LXX Rahlfs Tagged,μᾶλλον,Zephaniah,0,Buth LXX
Various,LXX Rahlfs Tagged,μᾶλλον,Haggai,0,Buth LXX
Various,LXX Rahlfs Tagged,μᾶλλον,Zechariah,0,Buth LXX
Various,LXX Rahlfs Tagged,μᾶλλον,Malachi,0,Buth LXX
Various,LXX Rahlfs Tagged,μᾶλλον,Isaiah,3,Buth LXX
Various,LXX Rahlfs Tagged,μᾶλλον,Jeremiah,0,Buth LXX
Various,LXX Rahlfs Tagged,μᾶλλον,Baruch,0,Buth LXX
Various,LXX Rahlfs Tagged,μᾶλλον,Lamentations,0,Buth LXX
Various,LXX Rahlfs Tagged,μᾶλλον,Letterjeremiah,0,Buth LXX
Various,LXX Rahlfs Tagged,μᾶλλον,Ezekiel,0,Buth LXX
Various,LXX Rahlfs Tagged,μᾶλλον,Daniel,0,Buth LXX
Various,LXX Rahlfs Tagged,μᾶλλον,Susanna,0,Buth LXX
Various,LXX Rahlfs Tagged,μᾶλλον,Bel,0,Buth LXX
Various,LXX Rahlfs Tagged,πλὴν,Genesis,5,Buth LXX
Various,LXX Rahlfs Tagged,πλὴν,Exodus,10,Buth LXX
Various,LXX Rahlfs Tagged,πλὴν,Leviticus,7,Buth LXX
Various,LXX Rahlfs Tagged,πλὴν,Numbers,23,Buth LXX
Various,LXX Rahlfs Tagged,πλὴν,Deuteronomy,19,Buth LXX
Various,LXX Rahlfs Tagged,πλὴν,Joshua,8,Buth LXX
Various,LXX Rahlfs Tagged,πλὴν,Judges,12,Buth LXX
Various,LXX Rahlfs Tagged,πλὴν,Ruth,0,Buth LXX
Various,LXX Rahlfs Tagged,πλὴν,1Samuel,7,Buth LXX
Various,LXX Rahlfs Tagged,πλὴν,2Samuel,8,Buth LXX
Various,LXX Rahlfs Tagged,πλὴν,1Kings,14,Buth LXX
Various,LXX Rahlfs Tagged,πλὴν,2Kings,24,Buth LXX
Various,LXX Rahlfs Tagged,πλὴν,1Chronicles,2,Buth LXX
Various,LXX Rahlfs Tagged,πλὴν,2Chronicles,11,Buth LXX
Various,LXX Rahlfs Tagged,πλὴν,1Esdras,0,Buth LXX
Various,LXX Rahlfs Tagged,πλὴν,Ezra,1,Buth LXX
Various,LXX Rahlfs Tagged,πλὴν,Nehemiah,0,Buth LXX
Various,LXX Rahlfs Tagged,πλὴν,Esther,3,Buth LXX
Various,LXX Rahlfs Tagged,πλὴν,Judith,1,Buth LXX
Various,LXX Rahlfs Tagged,πλὴν,Tobit,3,Buth LXX
Various,LXX Rahlfs Tagged,πλὴν,1Maccabees,7,Buth LXX
Various,LXX Rahlfs Tagged,πλὴν,2Maccabees,1,Buth LXX
Various,LXX Rahlfs Tagged,πλὴν,3Maccabees,1,Buth LXX
Various,LXX Rahlfs Tagged,πλὴν,4Maccabees,1,Buth LXX
Various,LXX Rahlfs Tagged,πλὴν,Psalms,16,Buth LXX
Various,LXX Rahlfs Tagged,πλὴν,Odes,2,Buth LXX
Various,LXX Rahlfs Tagged,πλὴν,Proverbs,1,Buth LXX
Various,LXX Rahlfs Tagged,πλὴν,Ecclesiastes,1,Buth LXX
Various,LXX Rahlfs Tagged,πλὴν,Song,0,Buth LXX
Various,LXX Rahlfs Tagged,πλὴν,Job,4,Buth LXX
Various,LXX Rahlfs Tagged,πλὴν,Wisdom,1,Buth LXX
Various,LXX Rahlfs Tagged,πλὴν,Sirach,8,Buth LXX
Various,LXX Rahlfs Tagged,πλὴν,Solomon,0,Buth LXX
Various,LXX Rahlfs Tagged,πλὴν,Hosea,2,Buth LXX
Various,LXX Rahlfs Tagged,πλὴν,Amos,3,Buth LXX
Various,LXX Rahlfs Tagged,πλὴν,Micah,0,Buth LXX
Various,LXX Rahlfs Tagged,πλὴν,Joel,1,Buth LXX
Various,LXX Rahlfs Tagged,πλὴν,Obadiah,0,Buth LXX
Various,LXX Rahlfs Tagged,πλὴν,Jonah,0,Buth LXX
Various,LXX Rahlfs Tagged,πλὴν,Nahum,0,Buth LXX
Various,LXX Rahlfs Tagged,πλὴν,Habakkuk,0,Buth LXX
Various,LXX Rahlfs Tagged,πλὴν,Zephaniah,1,Buth LXX
Various,LXX Rahlfs Tagged,πλὴν,Haggai,0,Buth LXX
Various,LXX Rahlfs Tagged,πλὴν,Zechariah,1,Buth LXX
Various,LXX Rahlfs Tagged,πλὴν,Malachi,0,Buth LXX
Various,LXX Rahlfs Tagged,πλὴν,Isaiah,9,Buth LXX
Various,LXX Rahlfs Tagged,πλὴν,Jeremiah,7,Buth LXX
Various,LXX Rahlfs Tagged,πλὴν,Baruch,0,Buth LXX
Various,LXX Rahlfs Tagged,πλὴν,Lamentations,2,Buth LXX
Various,LXX Rahlfs Tagged,πλὴν,Letterjeremiah,0,Buth LXX
Various,LXX Rahlfs Tagged,πλὴν,Ezekiel,2,Buth LXX
Various,LXX Rahlfs Tagged,πλὴν,Daniel,0,Buth LXX
Various,LXX Rahlfs Tagged,πλὴν,Susanna,0,Buth LXX
Various,LXX Rahlfs Tagged,πλὴν,Bel,1,Buth LXX
Various,LXX Rahlfs Tagged,καί,Genesis,3070,Buth LXX
Various,LXX Rahlfs Tagged,καί,Exodus,2426,Buth LXX
Various,LXX Rahlfs Tagged,καί,Leviticus,1737,Buth LXX
Various,LXX Rahlfs Tagged,καί,Numbers,2478,Buth LXX
Various,LXX Rahlfs Tagged,καί,Deuteronomy,2010,Buth LXX
Various,LXX Rahlfs Tagged,καί,Joshua,1811,Buth LXX
Various,LXX Rahlfs Tagged,καί,Judges,1989,Buth LXX
Various,LXX Rahlfs Tagged,καί,Ruth,234,Buth LXX
Various,LXX Rahlfs Tagged,καί,1Samuel,2582,Buth LXX
Various,LXX Rahlfs Tagged,καί,2Samuel,2136,Buth LXX
Various,LXX Rahlfs Tagged,καί,1Kings,2426,Buth LXX
Various,LXX Rahlfs Tagged,καί,2Kings,2274,Buth LXX
Various,LXX Rahlfs Tagged,καί,1Chronicles,2241,Buth LXX
Various,LXX Rahlfs Tagged,καί,2Chronicles,2681,Buth LXX
Various,LXX Rahlfs Tagged,καί,1Esdras,988,Buth LXX
Various,LXX Rahlfs Tagged,καί,Ezra,599,Buth LXX
Various,LXX Rahlfs Tagged,καί,Nehemiah,964,Buth LXX
Various,LXX Rahlfs Tagged,καί,Esther,519,Buth LXX
Various,LXX Rahlfs Tagged,καί,Judith,979,Buth LXX
Various,LXX Rahlfs Tagged,καί,Tobit,578,Buth LXX
Various,LXX Rahlfs Tagged,καί,1Maccabees,2527,Buth LXX
Various,LXX Rahlfs Tagged,καί,2Maccabees,728,Buth LXX
Various,LXX Rahlfs Tagged,καί,3Maccabees,281,Buth LXX
Various,LXX Rahlfs Tagged,καί,4Maccabees,514,Buth LXX
Various,LXX Rahlfs Tagged,καί,Psalms,2140,Buth LXX
Various,LXX Rahlfs Tagged,καί,Odes,334,Buth LXX
Various,LXX Rahlfs Tagged,καί,Proverbs,475,Buth LXX
Various,LXX Rahlfs Tagged,καί,Ecclesiastes,411,Buth LXX
Various,LXX Rahlfs Tagged,καί,Song,90,Buth LXX
Various,LXX Rahlfs Tagged,καί,Job,600,Buth LXX
Various,LXX Rahlfs Tagged,καί,Wisdom,474,Buth LXX
Various,LXX Rahlfs Tagged,καί,Sirach,1699,Buth LXX
Various,LXX Rahlfs Tagged,καί,Solomon,285,Buth LXX
Various,LXX Rahlfs Tagged,καί,Hosea,363,Buth LXX
Various,LXX Rahlfs Tagged,καί,Amos,312,Buth LXX
Various,LXX Rahlfs Tagged,καί,Micah,211,Buth LXX
Various,LXX Rahlfs Tagged,καί,Joel,170,Buth LXX
Various,LXX Rahlfs Tagged,καί,Obadiah,36,Buth LXX
Various,LXX Rahlfs Tagged,καί,Jonah,130,Buth LXX
Various,LXX Rahlfs Tagged,καί,Nahum,100,Buth LXX
Various,LXX Rahlfs Tagged,καί,Habakkuk,97,Buth LXX
Various,LXX Rahlfs Tagged,καί,Zephaniah,107,Buth LXX
Various,LXX Rahlfs Tagged,καί,Haggai,95,Buth LXX
Various,LXX Rahlfs Tagged,καί,Zechariah,549,Buth LXX
Various,LXX Rahlfs Tagged,καί,Malachi,152,Buth LXX
Various,LXX Rahlfs Tagged,καί,Isaiah,2510,Buth LXX
Various,LXX Rahlfs Tagged,καί,Jeremiah,2751,Buth LXX
Various,LXX Rahlfs Tagged,καί,Baruch,205,Buth LXX
Various,LXX Rahlfs Tagged,καί,Lamentations,118,Buth LXX
Various,LXX Rahlfs Tagged,καί,Letterjeremiah,71,Buth LXX
Various,LXX Rahlfs Tagged,καί,Ezekiel,3141,Buth LXX
Various,LXX Rahlfs Tagged,καί,Daniel,1216,Buth LXX
Various,LXX Rahlfs Tagged,καί,Susanna,66,Buth LXX
Various,LXX Rahlfs Tagged,καί,Bel,91,Buth LXX
Various,LXX Rahlfs Tagged,δέ,Genesis,855,Buth LXX
Various,LXX Rahlfs Tagged,δέ,Exodus,402,Buth LXX
Various,LXX Rahlfs Tagged,δέ,Leviticus,126,Buth LXX
Various,LXX Rahlfs Tagged,δέ,Numbers,74,Buth LXX
Various,LXX Rahlfs Tagged,δέ,Deuteronomy,98,Buth LXX
Various,LXX Rahlfs Tagged,δέ,Joshua,60,Buth LXX
Various,LXX Rahlfs Tagged,δέ,Judges,18,Buth LXX
Various,LXX Rahlfs Tagged,δέ,Ruth,22,Buth LXX
Various,LXX Rahlfs Tagged,δέ,1Samuel,10,Buth LXX
Various,LXX Rahlfs Tagged,δέ,2Samuel,19,Buth LXX
Various,LXX Rahlfs Tagged,δέ,1Kings,17,Buth LXX
Various,LXX Rahlfs Tagged,δέ,2Kings,9,Buth LXX
Various,LXX Rahlfs Tagged,δέ,1Chronicles,11,Buth LXX
Various,LXX Rahlfs Tagged,δέ,2Chronicles,2,Buth LXX
Various,LXX Rahlfs Tagged,δέ,1Esdras,55,Buth LXX
Various,LXX Rahlfs Tagged,δέ,Ezra,3,Buth LXX
Various,LXX Rahlfs Tagged,δέ,Nehemiah,1,Buth LXX
Various,LXX Rahlfs Tagged,δέ,Esther,104,Buth LXX
Various,LXX Rahlfs Tagged,δέ,Judith,45,Buth LXX
Various,LXX Rahlfs Tagged,δέ,Tobit,54,Buth LXX
Various,LXX Rahlfs Tagged,δέ,1Maccabees,99,Buth LXX
Various,LXX Rahlfs Tagged,δέ,2Maccabees,462,Buth LXX
Various,LXX Rahlfs Tagged,δέ,3Maccabees,128,Buth LXX
Various,LXX Rahlfs Tagged,δέ,4Maccabees,122,Buth LXX
Various,LXX Rahlfs Tagged,δέ,Psalms,122,Buth LXX
Various,LXX Rahlfs Tagged,δέ,Odes,12,Buth LXX
Various,LXX Rahlfs Tagged,δέ,Proverbs,563,Buth LXX
Various,LXX Rahlfs Tagged,δέ,Ecclesiastes,0,Buth LXX
Various,LXX Rahlfs Tagged,δέ,Song,0,Buth LXX
Various,LXX Rahlfs Tagged,δέ,Job,740,Buth LXX
Various,LXX Rahlfs Tagged,δέ,Wisdom,142,Buth LXX
Various,LXX Rahlfs Tagged,δέ,Sirach,51,Buth LXX
Various,LXX Rahlfs Tagged,δέ,Solomon,9,Buth LXX
Various,LXX Rahlfs Tagged,δέ,Hosea,20,Buth LXX
Various,LXX Rahlfs Tagged,δέ,Amos,5,Buth LXX
Various,LXX Rahlfs Tagged,δέ,Micah,4,Buth LXX
Various,LXX Rahlfs Tagged,δέ,Joel,3,Buth LXX
Various,LXX Rahlfs Tagged,δέ,Obadiah,3,Buth LXX
Various,LXX Rahlfs Tagged,δέ,Jonah,4,Buth LXX
Various,LXX Rahlfs Tagged,δέ,Nahum,0,Buth LXX
Various,LXX Rahlfs Tagged,δέ,Habakkuk,5,Buth LXX
Various,LXX Rahlfs Tagged,δέ,Zephaniah,1,Buth LXX
Various,LXX Rahlfs Tagged,δέ,Haggai,2,Buth LXX
Various,LXX Rahlfs Tagged,δέ,Zechariah,8,Buth LXX
Various,LXX Rahlfs Tagged,δέ,Malachi,3,Buth LXX
Various,LXX Rahlfs Tagged,δέ,Isaiah,156,Buth LXX
Various,LXX Rahlfs Tagged,δέ,Jeremiah,26,Buth LXX
Various,LXX Rahlfs Tagged,δέ,Baruch,15,Buth LXX
Various,LXX Rahlfs Tagged,δέ,Lamentations,2,Buth LXX
Various,LXX Rahlfs Tagged,δέ,Letterjeremiah,23,Buth LXX
Various,LXX Rahlfs Tagged,δέ,Ezekiel,36,Buth LXX
Various,LXX Rahlfs Tagged,δέ,Daniel,51,Buth LXX
Various,LXX Rahlfs Tagged,δέ,Susanna,16,Buth LXX
Various,LXX Rahlfs Tagged,δέ,Bel,19,Buth LXX
Basil the Great,Basil Greek,τε,Spir.,44,Basil ala Buth
Basil the Great,Basil Greek,μέν,Spir.,220,Basil ala Buth
Basil the Great,Basil Greek,οὖν,Spir.,115,Basil ala Buth
Basil the Great,Basil Greek,ὥστε,Spir.,57,Basil ala Buth
Basil the Great,Basil Greek,γέ,Spir.,46,Basil ala Buth
Basil the Great,Basil Greek,γάρ,Spir.,291,Basil ala Buth
Basil the Great,Basil Greek,ἀλλά,Spir.,189,Basil ala Buth
Basil the Great,Basil Greek,μᾶλλον,Spir.,21,Basil ala Buth
Basil the Great,Basil Greek,πλὴν,Spir.,5,Basil ala Buth
Basil the Great,Basil Greek,καί,Spir.,1377,Basil ala Buth
Basil the Great,Basil Greek,δέ,Spir.,424,Basil ala Buth
Athanasius,Athanasius Greek,τε,Incar.,25,Athanasius ala Buth
Athanasius,Athanasius Greek,τε,Gentes,31,Athanasius ala Buth
Athanasius,Athanasius Greek,τε,Arians,206,Athanasius ala Buth
Athanasius,Athanasius Greek,τε,Serap.,37,Athanasius ala Buth
Athanasius,Athanasius Greek,τε,BSerap.,8,Athanasius ala Buth
Athanasius,Athanasius Greek,μέν,Incar.,174,Athanasius ala Buth
Athanasius,Athanasius Greek,μέν,Gentes,172,Athanasius ala Buth
Athanasius,Athanasius Greek,μέν,Arians,764,Athanasius ala Buth
Athanasius,Athanasius Greek,μέν,Serap.,159,Athanasius ala Buth
Athanasius,Athanasius Greek,μέν,BSerap.,9,Athanasius ala Buth
Athanasius,Athanasius Greek,οὖν,Incar.,51,Athanasius ala Buth
Athanasius,Athanasius Greek,οὖν,Gentes,41,Athanasius ala Buth
Athanasius,Athanasius Greek,οὖν,Arians,267,Athanasius ala Buth
Athanasius,Athanasius Greek,οὖν,Serap.,68,Athanasius ala Buth
Athanasius,Athanasius Greek,οὖν,BSerap.,4,Athanasius ala Buth
Athanasius,Athanasius Greek,ὥστε,Incar.,20,Athanasius ala Buth
Athanasius,Athanasius Greek,ὥστε,Gentes,14,Athanasius ala Buth
Athanasius,Athanasius Greek,ὥστε,Arians,67,Athanasius ala Buth
Athanasius,Athanasius Greek,ὥστε,Serap.,8,Athanasius ala Buth
Athanasius,Athanasius Greek,ὥστε,BSerap.,0,Athanasius ala Buth
Athanasius,Athanasius Greek,γέ,Incar.,12,Athanasius ala Buth
Athanasius,Athanasius Greek,γέ,Gentes,10,Athanasius ala Buth
Athanasius,Athanasius Greek,γέ,Arians,58,Athanasius ala Buth
Athanasius,Athanasius Greek,γέ,Serap.,16,Athanasius ala Buth
Athanasius,Athanasius Greek,γέ,BSerap.,0,Athanasius ala Buth
Athanasius,Athanasius Greek,γάρ,Incar.,248,Athanasius ala Buth
Athanasius,Athanasius Greek,γάρ,Gentes,229,Athanasius ala Buth
Athanasius,Athanasius Greek,γάρ,Arians,1339,Athanasius ala Buth
Athanasius,Athanasius Greek,γάρ,Serap.,288,Athanasius ala Buth
Athanasius,Athanasius Greek,γάρ,BSerap.,11,Athanasius ala Buth
Athanasius,Athanasius Greek,ἀλλά,Incar.,191,Athanasius ala Buth
Athanasius,Athanasius Greek,ἀλλά,Gentes,160,Athanasius ala Buth
Athanasius,Athanasius Greek,ἀλλά,Arians,913,Athanasius ala Buth
Athanasius,Athanasius Greek,ἀλλά,Serap.,170,Athanasius ala Buth
Athanasius,Athanasius Greek,ἀλλά,BSerap.,9,Athanasius ala Buth
Athanasius,Athanasius Greek,μᾶλλον,Incar.,30,Athanasius ala Buth
Athanasius,Athanasius Greek,μᾶλλον,Gentes,29,Athanasius ala Buth
Athanasius,Athanasius Greek,μᾶλλον,Arians,128,Athanasius ala Buth
Athanasius,Athanasius Greek,μᾶλλον,Serap.,13,Athanasius ala Buth
Athanasius,Athanasius Greek,μᾶλλον,BSerap.,1,Athanasius ala Buth
Athanasius,Athanasius Greek,πλὴν,Incar.,4,Athanasius ala Buth
Athanasius,Athanasius Greek,πλὴν,Gentes,2,Athanasius ala Buth
Athanasius,Athanasius Greek,πλὴν,Arians,15,Athanasius ala Buth
Athanasius,Athanasius Greek,πλὴν,Serap.,8,Athanasius ala Buth
Athanasius,Athanasius Greek,πλὴν,BSerap.,0,Athanasius ala Buth
Athanasius,Athanasius Greek,καί,Incar.,1407,Athanasius ala Buth
Athanasius,Athanasius Greek,καί,Gentes,1549,Athanasius ala Buth
Athanasius,Athanasius Greek,καί,Arians,6074,Athanasius ala Buth
Athanasius,Athanasius Greek,καί,Serap.,1321,Athanasius ala Buth
Athanasius,Athanasius Greek,καί,BSerap.,59,Athanasius ala Buth
Athanasius,Athanasius Greek,δέ,Incar.,329,Athanasius ala Buth
Athanasius,Athanasius Greek,δέ,Gentes,336,Athanasius ala Buth
Athanasius,Athanasius Greek,δέ,Arians,1661,Athanasius ala Buth
Athanasius,Athanasius Greek,δέ,Serap.,384,Athanasius ala Buth
Athanasius,Athanasius Greek,δέ,BSerap.,16,Athanasius ala Buth
Philo,Philo Greek,τε,Opif,101,Philo ala Buth
Philo,Philo Greek,τε,Legum,124,Philo ala Buth
Philo,Philo Greek,τε,Cher,30,Philo ala Buth
Philo,Philo Greek,τε,Sacr,33,Philo ala Buth
Philo,Philo Greek,τε,Det,42,Philo ala Buth
Philo,Philo Greek,τε,Post,48,Philo ala Buth
Philo,Philo Greek,τε,Gig,13,Philo ala Buth
Philo,Philo Greek,τε,Deus,38,Philo ala Buth
Philo,Philo Greek,τε,Agr,67,Philo ala Buth
Philo,Philo Greek,τε,Plant,49,Philo ala Buth
Philo,Philo Greek,τε,Ebr,57,Philo ala Buth
Philo,Philo Greek,τε,Sobr,13,Philo ala Buth
Philo,Philo Greek,τε,Conf,57,Philo ala Buth
Philo,Philo Greek,τε,Migr,44,Philo ala Buth
Philo,Philo Greek,τε,Her,95,Philo ala Buth
Philo,Philo Greek,τε,Congr,37,Philo ala Buth
Philo,Philo Greek,τε,Fug,39,Philo ala Buth
Philo,Philo Greek,τε,Mut,48,Philo ala Buth
Philo,Philo Greek,τε,Somn,101,Philo ala Buth
Philo,Philo Greek,τε,Abr,48,Philo ala Buth
Philo,Philo Greek,τε,Ios,52,Philo ala Buth
Philo,Philo Greek,τε,Moys,192,Philo ala Buth
Philo,Philo Greek,τε,Decal,44,Philo ala Buth
Philo,Philo Greek,τε,Spec,315,Philo ala Buth
Philo,Philo Greek,τε,Virt,70,Philo ala Buth
Philo,Philo Greek,τε,Praem,38,Philo ala Buth
Philo,Philo Greek,τε,Prob,23,Philo ala Buth
Philo,Philo Greek,τε,Contempl,37,Philo ala Buth
Philo,Philo Greek,τε,Aet,46,Philo ala Buth
Philo,Philo Greek,τε,Flacc,25,Philo ala Buth
Philo,Philo Greek,τε,Legat,68,Philo ala Buth
Philo,Philo Greek,τε,Hypoth,9,Philo ala Buth
Philo,Philo Greek,τε,Prov,16,Philo ala Buth
Philo,Philo Greek,τε,1QGen,19,Philo ala Buth
Philo,Philo Greek,τε,2QGen,0,Philo ala Buth
Philo,Philo Greek,τε,3QGen,2,Philo ala Buth
Philo,Philo Greek,τε,1QEx,5,Philo ala Buth
Philo,Philo Greek,τε,2QEx,5,Philo ala Buth
Philo,Philo Greek,μέν,Opif,191,Philo ala Buth
Philo,Philo Greek,μέν,Legum,327,Philo ala Buth
Philo,Philo Greek,μέν,Cher,92,Philo ala Buth
Philo,Philo Greek,μέν,Sacr,100,Philo ala Buth
Philo,Philo Greek,μέν,Det,152,Philo ala Buth
Philo,Philo Greek,μέν,Post,128,Philo ala Buth
Philo,Philo Greek,μέν,Gig,41,Philo ala Buth
Philo,Philo Greek,μέν,Deus,115,Philo ala Buth
Philo,Philo Greek,μέν,Agr,125,Philo ala Buth
Philo,Philo Greek,μέν,Plant,111,Philo ala Buth
Philo,Philo Greek,μέν,Ebr,143,Philo ala Buth
Philo,Philo Greek,μέν,Sobr,52,Philo ala Buth
Philo,Philo Greek,μέν,Conf,111,Philo ala Buth
Philo,Philo Greek,μέν,Migr,135,Philo ala Buth
Philo,Philo Greek,μέν,Her,192,Philo ala Buth
Philo,Philo Greek,μέν,Congr,126,Philo ala Buth
Philo,Philo Greek,μέν,Fug,131,Philo ala Buth
Philo,Philo Greek,μέν,Mut,155,Philo ala Buth
Philo,Philo Greek,μέν,Somn,325,Philo ala Buth
Philo,Philo Greek,μέν,Abr,204,Philo ala Buth
Philo,Philo Greek,μέν,Ios,115,Philo ala Buth
Philo,Philo Greek,μέν,Moys,392,Philo ala Buth
Philo,Philo Greek,μέν,Decal,102,Philo ala Buth
Philo,Philo Greek,μέν,Spec,687,Philo ala Buth
Philo,Philo Greek,μέν,Virt,151,Philo ala Buth
Philo,Philo Greek,μέν,Praem,139,Philo ala Buth
Philo,Philo Greek,μέν,Prob,100,Philo ala Buth
Philo,Philo Greek,μέν,Contempl,74,Philo ala Buth
Philo,Philo Greek,μέν,Aet,130,Philo ala Buth
Philo,Philo Greek,μέν,Flacc,94,Philo ala Buth
Philo,Philo Greek,μέν,Legat,175,Philo ala Buth
Philo,Philo Greek,μέν,Hypoth,18,Philo ala Buth
Philo,Philo Greek,μέν,Prov,52,Philo ala Buth
Philo,Philo Greek,μέν,1QGen,96,Philo ala Buth
Philo,Philo Greek,μέν,2QGen,4,Philo ala Buth
Philo,Philo Greek,μέν,3QGen,16,Philo ala Buth
Philo,Philo Greek,μέν,1QEx,25,Philo ala Buth
Philo,Philo Greek,μέν,2QEx,10,Philo ala Buth
Philo,Philo Greek,οὖν,Opif,28,Philo ala Buth
Philo,Philo Greek,οὖν,Legum,191,Philo ala Buth
Philo,Philo Greek,οὖν,Cher,29,Philo ala Buth
Philo,Philo Greek,οὖν,Sacr,55,Philo ala Buth
Philo,Philo Greek,οὖν,Det,62,Philo ala Buth
Philo,Philo Greek,οὖν,Post,51,Philo ala Buth
Philo,Philo Greek,οὖν,Gig,18,Philo ala Buth
Philo,Philo Greek,οὖν,Deus,45,Philo ala Buth
Philo,Philo Greek,οὖν,Agr,45,Philo ala Buth
Philo,Philo Greek,οὖν,Plant,46,Philo ala Buth
Philo,Philo Greek,οὖν,Ebr,40,Philo ala Buth
Philo,Philo Greek,οὖν,Sobr,12,Philo ala Buth
Philo,Philo Greek,οὖν,Conf,28,Philo ala Buth
Philo,Philo Greek,οὖν,Migr,42,Philo ala Buth
Philo,Philo Greek,οὖν,Her,73,Philo ala Buth
Philo,Philo Greek,οὖν,Congr,47,Philo ala Buth
Philo,Philo Greek,οὖν,Fug,63,Philo ala Buth
Philo,Philo Greek,οὖν,Mut,63,Philo ala Buth
Philo,Philo Greek,οὖν,Somn,104,Philo ala Buth
Philo,Philo Greek,οὖν,Abr,54,Philo ala Buth
Philo,Philo Greek,οὖν,Ios,30,Philo ala Buth
Philo,Philo Greek,οὖν,Moys,75,Philo ala Buth
Philo,Philo Greek,οὖν,Decal,30,Philo ala Buth
Philo,Philo Greek,οὖν,Spec,154,Philo ala Buth
Philo,Philo Greek,οὖν,Virt,23,Philo ala Buth
Philo,Philo Greek,οὖν,Praem,32,Philo ala Buth
Philo,Philo Greek,οὖν,Prob,25,Philo ala Buth
Philo,Philo Greek,οὖν,Contempl,10,Philo ala Buth
Philo,Philo Greek,οὖν,Aet,27,Philo ala Buth
Philo,Philo Greek,οὖν,Flacc,14,Philo ala Buth
Philo,Philo Greek,οὖν,Legat,46,Philo ala Buth
Philo,Philo Greek,οὖν,Hypoth,5,Philo ala Buth
Philo,Philo Greek,οὖν,Prov,13,Philo ala Buth
Philo,Philo Greek,οὖν,1QGen,25,Philo ala Buth
Philo,Philo Greek,οὖν,2QGen,2,Philo ala Buth
Philo,Philo Greek,οὖν,3QGen,1,Philo ala Buth
Philo,Philo Greek,οὖν,1QEx,1,Philo ala Buth
Philo,Philo Greek,οὖν,2QEx,0,Philo ala Buth
Philo,Philo Greek,ὥστε,Opif,2,Philo ala Buth
Philo,Philo Greek,ὥστε,Legum,34,Philo ala Buth
Philo,Philo Greek,ὥστε,Cher,3,Philo ala Buth
Philo,Philo Greek,ὥστε,Sacr,13,Philo ala Buth
Philo,Philo Greek,ὥστε,Det,15,Philo ala Buth
Philo,Philo Greek,ὥστε,Post,17,Philo ala Buth
Philo,Philo Greek,ὥστε,Gig,4,Philo ala Buth
Philo,Philo Greek,ὥστε,Deus,9,Philo ala Buth
Philo,Philo Greek,ὥστε,Agr,9,Philo ala Buth
Philo,Philo Greek,ὥστε,Plant,14,Philo ala Buth
Philo,Philo Greek,ὥστε,Ebr,5,Philo ala Buth
Philo,Philo Greek,ὥστε,Sobr,1,Philo ala Buth
Philo,Philo Greek,ὥστε,Conf,7,Philo ala Buth
Philo,Philo Greek,ὥστε,Migr,7,Philo ala Buth
Philo,Philo Greek,ὥστε,Her,18,Philo ala Buth
Philo,Philo Greek,ὥστε,Congr,11,Philo ala Buth
Philo,Philo Greek,ὥστε,Fug,4,Philo ala Buth
Philo,Philo Greek,ὥστε,Mut,10,Philo ala Buth
Philo,Philo Greek,ὥστε,Somn,18,Philo ala Buth
Philo,Philo Greek,ὥστε,Abr,1,Philo ala Buth
Philo,Philo Greek,ὥστε,Ios,4,Philo ala Buth
Philo,Philo Greek,ὥστε,Moys,7,Philo ala Buth
Philo,Philo Greek,ὥστε,Decal,1,Philo ala Buth
Philo,Philo Greek,ὥστε,Spec,28,Philo ala Buth
Philo,Philo Greek,ὥστε,Virt,4,Philo ala Buth
Philo,Philo Greek,ὥστε,Praem,1,Philo ala Buth
Philo,Philo Greek,ὥστε,Prob,8,Philo ala Buth
Philo,Philo Greek,ὥστε,Contempl,3,Philo ala Buth
Philo,Philo Greek,ὥστε,Aet,13,Philo ala Buth
Philo,Philo Greek,ὥστε,Flacc,1,Philo ala Buth
Philo,Philo Greek,ὥστε,Legat,10,Philo ala Buth
Philo,Philo Greek,ὥστε,Hypoth,1,Philo ala Buth
Philo,Philo Greek,ὥστε,Prov,1,Philo ala Buth
Philo,Philo Greek,ὥστε,1QGen,6,Philo ala Buth
Philo,Philo Greek,ὥστε,2QGen,0,Philo ala Buth
Philo,Philo Greek,ὥστε,3QGen,0,Philo ala Buth
Philo,Philo Greek,ὥστε,1QEx,1,Philo ala Buth
Philo,Philo Greek,ὥστε,2QEx,2,Philo ala Buth
Philo,Philo Greek,γέ,Opif,7,Philo ala Buth
Philo,Philo Greek,γέ,Legum,56,Philo ala Buth
Philo,Philo Greek,γέ,Cher,6,Philo ala Buth
Philo,Philo Greek,γέ,Sacr,15,Philo ala Buth
Philo,Philo Greek,γέ,Det,16,Philo ala Buth
Philo,Philo Greek,γέ,Post,23,Philo ala Buth
Philo,Philo Greek,γέ,Gig,3,Philo ala Buth
Philo,Philo Greek,γέ,Deus,13,Philo ala Buth
Philo,Philo Greek,γέ,Agr,16,Philo ala Buth
Philo,Philo Greek,γέ,Plant,13,Philo ala Buth
Philo,Philo Greek,γέ,Ebr,13,Philo ala Buth
Philo,Philo Greek,γέ,Sobr,3,Philo ala Buth
Philo,Philo Greek,γέ,Conf,19,Philo ala Buth
Philo,Philo Greek,γέ,Migr,9,Philo ala Buth
Philo,Philo Greek,γέ,Her,13,Philo ala Buth
Philo,Philo Greek,γέ,Congr,7,Philo ala Buth
Philo,Philo Greek,γέ,Fug,18,Philo ala Buth
Philo,Philo Greek,γέ,Mut,13,Philo ala Buth
Philo,Philo Greek,γέ,Somn,31,Philo ala Buth
Philo,Philo Greek,γέ,Abr,16,Philo ala Buth
Philo,Philo Greek,γέ,Ios,3,Philo ala Buth
Philo,Philo Greek,γέ,Moys,15,Philo ala Buth
Philo,Philo Greek,γέ,Decal,10,Philo ala Buth
Philo,Philo Greek,γέ,Spec,37,Philo ala Buth
Philo,Philo Greek,γέ,Virt,19,Philo ala Buth
Philo,Philo Greek,γέ,Praem,7,Philo ala Buth
Philo,Philo Greek,γέ,Prob,12,Philo ala Buth
Philo,Philo Greek,γέ,Contempl,4,Philo ala Buth
Philo,Philo Greek,γέ,Aet,21,Philo ala Buth
Philo,Philo Greek,γέ,Flacc,9,Philo ala Buth
Philo,Philo Greek,γέ,Legat,15,Philo ala Buth
Philo,Philo Greek,γέ,Hypoth,10,Philo ala Buth
Philo,Philo Greek,γέ,Prov,4,Philo ala Buth
Philo,Philo Greek,γέ,1QGen,4,Philo ala Buth
Philo,Philo Greek,γέ,2QGen,0,Philo ala Buth
Philo,Philo Greek,γέ,3QGen,0,Philo ala Buth
Philo,Philo Greek,γέ,1QEx,1,Philo ala Buth
Philo,Philo Greek,γέ,2QEx,1,Philo ala Buth
Philo,Philo Greek,γάρ,Opif,166,Philo ala Buth
Philo,Philo Greek,γάρ,Legum,580,Philo ala Buth
Philo,Philo Greek,γάρ,Cher,92,Philo ala Buth
Philo,Philo Greek,γάρ,Sacr,121,Philo ala Buth
Philo,Philo Greek,γάρ,Det,163,Philo ala Buth
Philo,Philo Greek,γάρ,Post,190,Philo ala Buth
Philo,Philo Greek,γάρ,Gig,47,Philo ala Buth
Philo,Philo Greek,γάρ,Deus,143,Philo ala Buth
Philo,Philo Greek,γάρ,Agr,123,Philo ala Buth
Philo,Philo Greek,γάρ,Plant,119,Philo ala Buth
Philo,Philo Greek,γάρ,Ebr,154,Philo ala Buth
Philo,Philo Greek,γάρ,Sobr,51,Philo ala Buth
Philo,Philo Greek,γάρ,Conf,141,Philo ala Buth
Philo,Philo Greek,γάρ,Migr,221,Philo ala Buth
Philo,Philo Greek,γάρ,Her,244,Philo ala Buth
Philo,Philo Greek,γάρ,Congr,165,Philo ala Buth
Philo,Philo Greek,γάρ,Fug,195,Philo ala Buth
Philo,Philo Greek,γάρ,Mut,227,Philo ala Buth
Philo,Philo Greek,γάρ,Somn,354,Philo ala Buth
Philo,Philo Greek,γάρ,Abr,154,Philo ala Buth
Philo,Philo Greek,γάρ,Ios,151,Philo ala Buth
Philo,Philo Greek,γάρ,Moys,322,Philo ala Buth
Philo,Philo Greek,γάρ,Decal,99,Philo ala Buth
Philo,Philo Greek,γάρ,Spec,616,Philo ala Buth
Philo,Philo Greek,γάρ,Virt,133,Philo ala Buth
Philo,Philo Greek,γάρ,Praem,110,Philo ala Buth
Philo,Philo Greek,γάρ,Prob,85,Philo ala Buth
Philo,Philo Greek,γάρ,Contempl,49,Philo ala Buth
Philo,Philo Greek,γάρ,Aet,123,Philo ala Buth
Philo,Philo Greek,γάρ,Flacc,96,Philo ala Buth
Philo,Philo Greek,γάρ,Legat,214,Philo ala Buth
Philo,Philo Greek,γάρ,Hypoth,21,Philo ala Buth
Philo,Philo Greek,γάρ,Prov,59,Philo ala Buth
Philo,Philo Greek,γάρ,1QGen,146,Philo ala Buth
Philo,Philo Greek,γάρ,2QGen,12,Philo ala Buth
Philo,Philo Greek,γάρ,3QGen,17,Philo ala Buth
Philo,Philo Greek,γάρ,1QEx,31,Philo ala Buth
Philo,Philo Greek,γάρ,2QEx,14,Philo ala Buth
Philo,Philo Greek,ἀλλά,Opif,51,Philo ala Buth
Philo,Philo Greek,ἀλλά,Legum,290,Philo ala Buth
Philo,Philo Greek,ἀλλά,Cher,41,Philo ala Buth
Philo,Philo Greek,ἀλλά,Sacr,66,Philo ala Buth
Philo,Philo Greek,ἀλλά,Det,76,Philo ala Buth
Philo,Philo Greek,ἀλλά,Post,65,Philo ala Buth
Philo,Philo Greek,ἀλλά,Gig,21,Philo ala Buth
Philo,Philo Greek,ἀλλά,Deus,64,Philo ala Buth
Philo,Philo Greek,ἀλλά,Agr,70,Philo ala Buth
Philo,Philo Greek,ἀλλά,Plant,64,Philo ala Buth
Philo,Philo Greek,ἀλλά,Ebr,89,Philo ala Buth
Philo,Philo Greek,ἀλλά,Sobr,25,Philo ala Buth
Philo,Philo Greek,ἀλλά,Conf,87,Philo ala Buth
Philo,Philo Greek,ἀλλά,Migr,92,Philo ala Buth
Philo,Philo Greek,ἀλλά,Her,116,Philo ala Buth
Philo,Philo Greek,ἀλλά,Congr,58,Philo ala Buth
Philo,Philo Greek,ἀλλά,Fug,75,Philo ala Buth
Philo,Philo Greek,ἀλλά,Mut,95,Philo ala Buth
Philo,Philo Greek,ἀλλά,Somn,218,Philo ala Buth
Philo,Philo Greek,ἀλλά,Abr,106,Philo ala Buth
Philo,Philo Greek,ἀλλά,Ios,104,Philo ala Buth
Philo,Philo Greek,ἀλλά,Moys,222,Philo ala Buth
Philo,Philo Greek,ἀλλά,Decal,53,Philo ala Buth
Philo,Philo Greek,ἀλλά,Spec,412,Philo ala Buth
Philo,Philo Greek,ἀλλά,Virt,111,Philo ala Buth
Philo,Philo Greek,ἀλλά,Praem,53,Philo ala Buth
Philo,Philo Greek,ἀλλά,Prob,63,Philo ala Buth
Philo,Philo Greek,ἀλλά,Contempl,43,Philo ala Buth
Philo,Philo Greek,ἀλλά,Aet,65,Philo ala Buth
Philo,Philo Greek,ἀλλά,Flacc,62,Philo ala Buth
Philo,Philo Greek,ἀλλά,Legat,131,Philo ala Buth
Philo,Philo Greek,ἀλλά,Hypoth,30,Philo ala Buth
Philo,Philo Greek,ἀλλά,Prov,30,Philo ala Buth
Philo,Philo Greek,ἀλλά,1QGen,87,Philo ala Buth
Philo,Philo Greek,ἀλλά,2QGen,7,Philo ala Buth
Philo,Philo Greek,ἀλλά,3QGen,2,Philo ala Buth
Philo,Philo Greek,ἀλλά,1QEx,14,Philo ala Buth
Philo,Philo Greek,ἀλλά,2QEx,6,Philo ala Buth
Philo,Philo Greek,μᾶλλον,Opif,10,Philo ala Buth
Philo,Philo Greek,μᾶλλον,Legum,9,Philo ala Buth
Philo,Philo Greek,μᾶλλον,Cher,14,Philo ala Buth
Philo,Philo Greek,μᾶλλον,Sacr,4,Philo ala Buth
Philo,Philo Greek,μᾶλλον,Det,13,Philo ala Buth
Philo,Philo Greek,μᾶλλον,Post,6,Philo ala Buth
Philo,Philo Greek,μᾶλλον,Gig,3,Philo ala Buth
Philo,Philo Greek,μᾶλλον,Deus,3,Philo ala Buth
Philo,Philo Greek,μᾶλλον,Agr,6,Philo ala Buth
Philo,Philo Greek,μᾶλλον,Plant,6,Philo ala Buth
Philo,Philo Greek,μᾶλλον,Ebr,13,Philo ala Buth
Philo,Philo Greek,μᾶλλον,Sobr,2,Philo ala Buth
Philo,Philo Greek,μᾶλλον,Conf,5,Philo ala Buth
Philo,Philo Greek,μᾶλλον,Migr,11,Philo ala Buth
Philo,Philo Greek,μᾶλλον,Her,11,Philo ala Buth
Philo,Philo Greek,μᾶλλον,Congr,7,Philo ala Buth
Philo,Philo Greek,μᾶλλον,Fug,10,Philo ala Buth
Philo,Philo Greek,μᾶλλον,Mut,11,Philo ala Buth
Philo,Philo Greek,μᾶλλον,Somn,26,Philo ala Buth
Philo,Philo Greek,μᾶλλον,Abr,13,Philo ala Buth
Philo,Philo Greek,μᾶλλον,Ios,18,Philo ala Buth
Philo,Philo Greek,μᾶλλον,Moys,30,Philo ala Buth
Philo,Philo Greek,μᾶλλον,Decal,6,Philo ala Buth
Philo,Philo Greek,μᾶλλον,Spec,50,Philo ala Buth
Philo,Philo Greek,μᾶλλον,Virt,14,Philo ala Buth
Philo,Philo Greek,μᾶλλον,Praem,9,Philo ala Buth
Philo,Philo Greek,μᾶλλον,Prob,12,Philo ala Buth
Philo,Philo Greek,μᾶλλον,Contempl,7,Philo ala Buth
Philo,Philo Greek,μᾶλλον,Aet,9,Philo ala Buth
Philo,Philo Greek,μᾶλλον,Flacc,10,Philo ala Buth
Philo,Philo Greek,μᾶλλον,Legat,31,Philo ala Buth
Philo,Philo Greek,μᾶλλον,Hypoth,7,Philo ala Buth
Philo,Philo Greek,μᾶλλον,Prov,4,Philo ala Buth
Philo,Philo Greek,μᾶλλον,1QGen,16,Philo ala Buth
Philo,Philo Greek,μᾶλλον,2QGen,0,Philo ala Buth
Philo,Philo Greek,μᾶλλον,3QGen,1,Philo ala Buth
Philo,Philo Greek,μᾶλλον,1QEx,7,Philo ala Buth
Philo,Philo Greek,μᾶλλον,2QEx,2,Philo ala Buth
Philo,Philo Greek,πλὴν,Opif,4,Philo ala Buth
Philo,Philo Greek,πλὴν,Legum,6,Philo ala Buth
Philo,Philo Greek,πλὴν,Cher,5,Philo ala Buth
Philo,Philo Greek,πλὴν,Sacr,0,Philo ala Buth
Philo,Philo Greek,πλὴν,Det,0,Philo ala Buth
Philo,Philo Greek,πλὴν,Post,2,Philo ala Buth
Philo,Philo Greek,πλὴν,Gig,0,Philo ala Buth
Philo,Philo Greek,πλὴν,Deus,1,Philo ala Buth
Philo,Philo Greek,πλὴν,Agr,1,Philo ala Buth
Philo,Philo Greek,πλὴν,Plant,0,Philo ala Buth
Philo,Philo Greek,πλὴν,Ebr,2,Philo ala Buth
Philo,Philo Greek,πλὴν,Sobr,1,Philo ala Buth
Philo,Philo Greek,πλὴν,Conf,0,Philo ala Buth
Philo,Philo Greek,πλὴν,Migr,1,Philo ala Buth
Philo,Philo Greek,πλὴν,Her,1,Philo ala Buth
Philo,Philo Greek,πλὴν,Congr,0,Philo ala Buth
Philo,Philo Greek,πλὴν,Fug,1,Philo ala Buth
Philo,Philo Greek,πλὴν,Mut,1,Philo ala Buth
Philo,Philo Greek,πλὴν,Somn,3,Philo ala Buth
Philo,Philo Greek,πλὴν,Abr,2,Philo ala Buth
Philo,Philo Greek,πλὴν,Ios,0,Philo ala Buth
Philo,Philo Greek,πλὴν,Moys,1,Philo ala Buth
Philo,Philo Greek,πλὴν,Decal,0,Philo ala Buth
Philo,Philo Greek,πλὴν,Spec,2,Philo ala Buth
Philo,Philo Greek,πλὴν,Virt,1,Philo ala Buth
Philo,Philo Greek,πλὴν,Praem,3,Philo ala Buth
Philo,Philo Greek,πλὴν,Prob,1,Philo ala Buth
Philo,Philo Greek,πλὴν,Contempl,1,Philo ala Buth
Philo,Philo Greek,πλὴν,Aet,3,Philo ala Buth
Philo,Philo Greek,πλὴν,Flacc,1,Philo ala Buth
Philo,Philo Greek,πλὴν,Legat,2,Philo ala Buth
Philo,Philo Greek,πλὴν,Hypoth,1,Philo ala Buth
Philo,Philo Greek,πλὴν,Prov,1,Philo ala Buth
Philo,Philo Greek,πλὴν,1QGen,2,Philo ala Buth
Philo,Philo Greek,πλὴν,2QGen,0,Philo ala Buth
Philo,Philo Greek,πλὴν,3QGen,0,Philo ala Buth
Philo,Philo Greek,πλὴν,1QEx,0,Philo ala Buth
Philo,Philo Greek,πλὴν,2QEx,0,Philo ala Buth
Philo,Philo Greek,καί,Opif,872,Philo ala Buth
Philo,Philo Greek,καί,Legum,2087,Philo ala Buth
Philo,Philo Greek,καί,Cher,484,Philo ala Buth
Philo,Philo Greek,καί,Sacr,578,Philo ala Buth
Philo,Philo Greek,καί,Det,593,Philo ala Buth
Philo,Philo Greek,καί,Post,604,Philo ala Buth
Philo,Philo Greek,καί,Gig,235,Philo ala Buth
Philo,Philo Greek,καί,Deus,516,Philo ala Buth
Philo,Philo Greek,καί,Agr,655,Philo ala Buth
Philo,Philo Greek,καί,Plant,533,Philo ala Buth
Philo,Philo Greek,καί,Ebr,865,Philo ala Buth
Philo,Philo Greek,καί,Sobr,218,Philo ala Buth
Philo,Philo Greek,καί,Conf,594,Philo ala Buth
Philo,Philo Greek,καί,Migr,801,Philo ala Buth
Philo,Philo Greek,καί,Her,1050,Philo ala Buth
Philo,Philo Greek,καί,Congr,581,Philo ala Buth
Philo,Philo Greek,καί,Fug,638,Philo ala Buth
Philo,Philo Greek,καί,Mut,789,Philo ala Buth
Philo,Philo Greek,καί,Somn,1780,Philo ala Buth
Philo,Philo Greek,καί,Abr,854,Philo ala Buth
Philo,Philo Greek,καί,Ios,813,Philo ala Buth
Philo,Philo Greek,καί,Moys,1916,Philo ala Buth
Philo,Philo Greek,καί,Decal,571,Philo ala Buth
Philo,Philo Greek,καί,Spec,3897,Philo ala Buth
Philo,Philo Greek,καί,Virt,765,Philo ala Buth
Philo,Philo Greek,καί,Praem,645,Philo ala Buth
Philo,Philo Greek,καί,Prob,417,Philo ala Buth
Philo,Philo Greek,καί,Contempl,321,Philo ala Buth
Philo,Philo Greek,καί,Aet,487,Philo ala Buth
Philo,Philo Greek,καί,Flacc,546,Philo ala Buth
Philo,Philo Greek,καί,Legat,1146,Philo ala Buth
Philo,Philo Greek,καί,Hypoth,168,Philo ala Buth
Philo,Philo Greek,καί,Prov,238,Philo ala Buth
Philo,Philo Greek,καί,1QGen,501,Philo ala Buth
Philo,Philo Greek,καί,2QGen,54,Philo ala Buth
Philo,Philo Greek,καί,3QGen,67,Philo ala Buth
Philo,Philo Greek,καί,1QEx,124,Philo ala Buth
Philo,Philo Greek,καί,2QEx,68,Philo ala Buth
Philo,Philo Greek,δέ,Opif,444,Philo ala Buth
Philo,Philo Greek,δέ,Legum,850,Philo ala Buth
Philo,Philo Greek,δέ,Cher,226,Philo ala Buth
Philo,Philo Greek,δέ,Sacr,225,Philo ala Buth
Philo,Philo Greek,δέ,Det,308,Philo ala Buth
Philo,Philo Greek,δέ,Post,289,Philo ala Buth
Philo,Philo Greek,δέ,Gig,98,Philo ala Buth
Philo,Philo Greek,δέ,Deus,231,Philo ala Buth
Philo,Philo Greek,δέ,Agr,228,Philo ala Buth
Philo,Philo Greek,δέ,Plant,218,Philo ala Buth
Philo,Philo Greek,δέ,Ebr,279,Philo ala Buth
Philo,Philo Greek,δέ,Sobr,91,Philo ala Buth
Philo,Philo Greek,δέ,Conf,222,Philo ala Buth
Philo,Philo Greek,δέ,Migr,280,Philo ala Buth
Philo,Philo Greek,δέ,Her,471,Philo ala Buth
Philo,Philo Greek,δέ,Congr,260,Philo ala Buth
Philo,Philo Greek,δέ,Fug,319,Philo ala Buth
Philo,Philo Greek,δέ,Mut,376,Philo ala Buth
Philo,Philo Greek,δέ,Somn,670,Philo ala Buth
Philo,Philo Greek,δέ,Abr,385,Philo ala Buth
Philo,Philo Greek,δέ,Ios,317,Philo ala Buth
Philo,Philo Greek,δέ,Moys,849,Philo ala Buth
Philo,Philo Greek,δέ,Decal,208,Philo ala Buth
Philo,Philo Greek,δέ,Spec,1399,Philo ala Buth
Philo,Philo Greek,δέ,Virt,271,Philo ala Buth
Philo,Philo Greek,δέ,Praem,241,Philo ala Buth
Philo,Philo Greek,δέ,Prob,207,Philo ala Buth
Philo,Philo Greek,δέ,Contempl,133,Philo ala Buth
Philo,Philo Greek,δέ,Aet,320,Philo ala Buth
Philo,Philo Greek,δέ,Flacc,204,Philo ala Buth
Philo,Philo Greek,δέ,Legat,374,Philo ala Buth
Philo,Philo Greek,δέ,Hypoth,50,Philo ala Buth
Philo,Philo Greek,δέ,Prov,123,Philo ala Buth
Philo,Philo Greek,δέ,1QGen,220,Philo ala Buth
Philo,Philo Greek,δέ,2QGen,8,Philo ala Buth
Philo,Philo Greek,δέ,3QGen,35,Philo ala Buth
Philo,Philo Greek,δέ,1QEx,55,Philo ala Buth
Philo,Philo Greek,δέ,2QEx,25,Philo ala Buth
Luke,NA28 GNT,τε,Luke,9,Buth Luke
Luke,NA28 GNT,μέν,Luke,10,Buth Luke
Luke,NA28 GNT,οὖν,Luke,33,Buth Luke
Luke,NA28 GNT,ὥστε,Luke,4,Buth Luke
Luke,NA28 GNT,γέ,Luke,8,Buth Luke
Luke,NA28 GNT,γάρ,Luke,97,Buth Luke
Luke,NA28 GNT,ἀλλά,Luke,35,Buth Luke
Luke,NA28 GNT,μᾶλλον,Luke,5,Buth Luke
Luke,NA28 GNT,πλὴν,Luke,15,Buth Luke
Luke,NA28 GNT,καί,Luke,1483,Buth Luke
Luke,NA28 GNT,δέ,Luke,542,Buth Luke
Luke,NA28 GNT,τε,1 Acts,67,Buth 1 Acts
Luke,NA28 GNT,μέν,1 Acts,23,Buth 1 Acts
Luke,NA28 GNT,οὖν,1 Acts,29,Buth 1 Acts
Luke,NA28 GNT,ὥστε,1 Acts,3,Buth 1 Acts
Luke,NA28 GNT,γέ,1 Acts,2,Buth 1 Acts
Luke,NA28 GNT,γάρ,1 Acts,34,Buth 1 Acts
Luke,NA28 GNT,ἀλλά,1 Acts,16,Buth 1 Acts
Luke,NA28 GNT,μᾶλλον,1 Acts,4,Buth 1 Acts
Luke,NA28 GNT,πλὴν,1 Acts,2,Buth 1 Acts
Luke,NA28 GNT,καί,1 Acts,702,Buth 1 Acts
Luke,NA28 GNT,δέ,1 Acts,283,Buth 1 Acts
Luke,NA28 GNT,τε,2 Acts,84,Buth 2 Acts
Luke,NA28 GNT,μέν,2 Acts,25,Buth 2 Acts
Luke,NA28 GNT,οὖν,2 Acts,32,Buth 2 Acts
Luke,NA28 GNT,ὥστε,2 Acts,5,Buth 2 Acts
Luke,NA28 GNT,γέ,2 Acts,2,Buth 2 Acts
Luke,NA28 GNT,γάρ,2 Acts,46,Buth 2 Acts
Luke,NA28 GNT,ἀλλά,2 Acts,14,Buth 2 Acts
Luke,NA28 GNT,μᾶλλον,2 Acts,3,Buth 2 Acts
Luke,NA28 GNT,πλὴν,2 Acts,2,Buth 2 Acts
Luke,NA28 GNT,καί,2 Acts,429,Buth 2 Acts
Luke,NA28 GNT,δέ,2 Acts,271,Buth 2 Acts
Matthew,NA28 GNT,τε,Matthew,3,Buth Matthew
Matthew,NA28 GNT,μέν,Matthew,20,Buth Matthew
Matthew,NA28 GNT,οὖν,Matthew,56,Buth Matthew
Matthew,NA28 GNT,ὥστε,Matthew,15,Buth Matthew
Matthew,NA28 GNT,γέ,Matthew,4,Buth Matthew
Matthew,NA28 GNT,γάρ,Matthew,124,Buth Matthew
Matthew,NA28 GNT,ἀλλά,Matthew,37,Buth Matthew
Matthew,NA28 GNT,μᾶλλον,Matthew,9,Buth Matthew
Matthew,NA28 GNT,πλὴν,Matthew,5,Buth Matthew
Matthew,NA28 GNT,καί,Matthew,1194,Buth Matthew
Matthew,NA28 GNT,δέ,Matthew,494,Buth Matthew
